Number;GivenName;Surname;StreetAddress;ZipCode;City;EmailAddress;Username;Password;TelephoneNumber1;Maren;Breider;Van Humboldtstraat 130;3514 GS;Utrecht;marenbreider@dayrep.com;othed1997;urmhhh;06-23093526
2;Hayati;van Dekken;Schorweg 101;5993 PC;Maasbree;hayativandekken@teleworm.us;drem1996;x6xkec;06-74004784
3;Valentin;Bosgra;Bloemgracht 9;1016 KA;Amsterdam;valentinbosgra@armyspy.com;malame;bjghiy;06-72509347
4;Minou;Hagendoorn;Antillen 40;3524 EZ;Utrecht;minouhagendoorn@jourrapide.com;ringdorges;lb456a;06-21398457
5;Anthonia;ten Thije;Kamperfoeliestraat 166;4725 AT;Wouwse Plantage;anthoniatenthije@jourrapide.com;ancion;nqg289;06-98717738
6;Talita;Selles;Princestraat 62;7741 JJ;Coevorden;talitaselles@gustr.com;proutirepach;w9liqr;06-50015976
7;Bartholome;Filippo;Helmerslaan 124;5615 JE;Eindhoven;bartholomeusfilippo@jourrapide.com;didly1970;x6xkec;06-67324675
8;Andreia;Sijtsma;Van Arkelstraat 141;2973 AL;Molenaarsgraaf;andreiasijtsma@jourrapide.com;arge1936;ss5knr;06-23078929
9;Ziad;Talen;Ge van Rielstraat 59;7622 ET;Borne;ziadtalen@rhyta.com;lishat;bp6eho;06-10432698
10;Rodin;Reuser;Walstraat 43;4381 GT;Vlissingen;rodinreuser@gustr.com;wortuld;r3rhgl;06-52718159
11;Enno;Wemmers;Draadrusplein 83;5223 DA;s-Hertogenbosch;ennowemmers@superrito.com;ores1936;be9xpv;06-43021268
12;Amiet;Voorwinden;Birkhoven 36;3452 JK;Vleuten;amietvoorwinden@jourrapide.com;prands1940;iwn9zp;06-41912638
13;Khadya;John;Tongerloseweg 44;5087 KX;Diessen;khadyajohn@fleckens.hu;greanded1959;t6jtgy;06-59737627
14;Kate;Joris;Tongerloplein 96;5071 CX;Udenhout;katejoris@gustr.com;owittionfe;d9fiqr;06-24588031
15;Huda;van Woerden;Schoondijkseweg 1;4503 GK;Groede;hudavanwoerden@cuvox.de;whosed;g6x4e5;06-11031086
16;Pavan;van Wichen;Vlamingstraat 96;2713 RT;Zoetermeer;pavanvanwichen@armyspy.com;myst1937;ft4kvg;06-27254336
17;Bengt;Scheepers;Riouwstraat 194;1094 XM;Amsterdam;bengtscheepers@jourrapide.com;wher1976;34dfvc;06-82354705
